<?xml version="1.0" encoding="UTF-8" ?>
<odoo>
    <record id="module_access_category" model="ir.module.category">
        <field name="name">Component Request</field>
        <field name="description">User level access of Component Request module</field>
    </record>

    <record id="group_user" model="res.groups">
        <field name="name">Requesting User</field>
        <field name="category_id" ref="module_access_category"/>
    </record>

    <record id="group_manager" model="res.groups">
        <field name="name">Manager</field>
        <field name="category_id" ref="module_access_category"/>
    </record>

    <record id="group_head" model="res.groups">
        <field name="name">Head</field>
        <field name="category_id" ref="module_access_category"/>
    </record>
</odoo>